References,Quantity per board,Specification,Manufacturer,MPN,Supplier,Supplier SKU,Reported stock,Evidence,Source URL,Checked date,Minimum quantity,Footprint,Selection notes
U1,1,F1C200s,Allwinner Tech,F1C200S,LCSC,C2879851,1922,Indexed supplier evidence: Indexed supplier page (LCSC; crawled 2026-09-07),https://www.lcsc.com/product-detail/C2879851.html,2026-09-07,1,BootConsole:F1C200s_QFN88_10x10_P0.4_EP6.74,"QFN-88-EP, 10 x 10 mm; tray packaging (168/full tray) No authorized DigiKey listing found. Highest sourcing risk and no credible drop-in second source. Buy CPUs first. LCSC distributor stock is distinct from JLCPCB assembly inventory."
"U2, U3, U4",3,TPS62160DGKR,Texas Instruments,TPS62160DGKR,DigiKey,296-41758-1-ND,6645,Indexed supplier evidence: Indexed supplier page (DigiKey; crawled 2026-09-07),https://www.digikey.com/en/products/detail/texas-instruments/TPS62160DGKR/3182095,2026-09-07,1,Package_SO:MSOP-8_3x3mm_P0.65mm,"adjustable 1 A buck, 3-17 V input, DGK 8-VSSOP, 3.0 mm body, 0.65 mm pitch DGKT is the clean packaging-only alternative. DSG/WSON variants are not footprint compatible."
U5,1,TPS2553DBVT,Texas Instruments,TPS2553DBVT,DigiKey,296-23990-1-ND,1471,Indexed supplier evidence: Indexed supplier page (DigiKey; crawled 2026-09-05),https://www.digikey.com/en/products/detail/texas-instruments/TPS2553DBVT/1984893,2026-09-07,1,Package_TO_SOT_SMD:SOT-23-6,"1.5 A adjustable-current-limit high-side switch, active high, DBV SOT-23-6 DBVT is the same non-latching device and DBV package in a 250-piece small reel. TI primary orderable table: https://www.ti.com/product/TPS2553/part-details/TPS2553DBVT . Do not use TPS2553DBVR-1 or DBVT-1: TI identifies TPS255x as constant-current and TPS255x-1 as latch-off."
U6,1,TLV75528PDBVR,Texas Instruments,TLV75528PDBVR,DigiKey,296-51798-1-ND,1477,Indexed supplier evidence: Indexed supplier page (DigiKey; crawled within prior week),https://www.digikey.com/en/products/detail/texas-instruments/TLV75528PDBVR/9356538,2026-09-07,1,Package_TO_SOT_SMD:SOT-23-5,"fixed 2.8 V, 500 mA LDO, DBV SOT-23-5, 5.5 V max input, enable and output discharge LCSC exact listing had previously shown out of stock; DigiKey exact cut tape is the straightforward hand-assembly source."
U7,1,TPS386000RGPT,Texas Instruments,TPS386000RGPT,DigiKey,296-25181-1-ND,5045,Indexed supplier evidence: Indexed exact supplier product page (DigiKey; crawled 2 months before check date),https://www.digikey.com/en/products/detail/texas-instruments/TPS386000RGPT/2171102,2026-09-07,1,BootConsole:TPS386000_RGP20_EP2.8,"four-channel adjustable supervisor, open-drain active-low reset, RGP 20-QFN 4 x 4 mm exposed pad RGPT is the same active-production RGP 20-pin QFN device/marking in a 250-piece small reel; RGPR is the 3,000-piece large reel. TI primary orderable table: https://www.ti.com/lit/ds/symlink/tps386000.pdf . Do not substitute TPS386040 without circuit review because TI identifies it as push-pull rather than open-drain."
"L1, L2, L3",3,2.2uH / XFL4020,Coilcraft,XFL4020-222MEC,LCSC,C122469,3203,Indexed supplier evidence: Indexed supplier product page (LCSC; crawled 2 weeks before check date),https://www.lcsc.com/product-detail/Power-Inductors_Coilcraft-XFL4020-222MEC_C122469.html,2026-09-07,1,Inductor_SMD:L_Coilcraft_XxL4020,"2.2 uH +/-20%, 4 x 4 x 2.1 mm, 3.7 A saturation, 8 A thermal rating, 23.5 mOhm max DCR DigiKey exact listing is marketplace and currently reports 0 despite stale aggregation showing stock. LCSC is preferable for loose parts."
Y1,1,24 MHz / CL 18 pF,Raltron Electronics,H130A-24.000-18-2030-EXT-TR,DigiKey,2151-H130A-24.000-18-2030-EXT-TRCT-ND,4745,Indexed supplier evidence: Indexed exact supplier product page (DigiKey; crawled 2 months before check date),https://www.digikey.com/en/products/detail/raltron-electronics/H130A-24-000-18-2030-EXT-TR/10272256,2026-09-07,1,BootConsole:Raltron_H130A_5032,"24 MHz fundamental, 18 pF load, 20 ohm max ESR, 2-pad 5.0 x 3.2 mm SMD, -40 to 85 C Keep exact 18 pF load and 5032 two-pad geometry. The available 8 pF H130A suffix is mechanically compatible but not an electrical drop-in without recalculating C1/C2."
J1,1,USB-C / USB4105-GF-A,Global Connector Technology,USB4105-GF-A,DigiKey,2073-USB4105-GF-ACT-ND,142606,Indexed supplier evidence: Indexed exact supplier product page (DigiKey; crawled 2026-09-05),https://www.digikey.com/en/products/detail/gct-emea-ltd/USB4105-GF-A/11198509,2026-09-07,1,Connector_USB:USB_C_Receptacle_GCT_USB4105-xx-A_16P_TopMnt_Horizontal,"USB-C receptacle, USB 2.0, 16 functional plus 8 dummy contacts, right-angle SMT with through-hole shell stakes Use exact part for the family-specific footprint. Do not assume -120 is mechanically identical without the GCT ordering drawing."
J2,1,microSD / 104031-0811,Molex,104031-0811,DigiKey,WM6357CT-ND,21537,Indexed supplier evidence: Indexed exact supplier product page (DigiKey regional page; crawled 2026-09-06),https://www.digikey.com/en/products/detail/molex/1040310811/2370379,2026-09-07,1,Connector_Card:microSD_HC_Molex_104031-0811,"microSD push-pull, SMT right-angle, 1.42 mm height, 8 signal contacts plus detect switch, 0.5 A Exact connector geometry is footprint-specific. DigiKey exact page uses punctuation-free manufacturer MPN 1040310811 and lists 104031-0811 as an alias; cut tape is available. Regional-page price was not converted to USD."
J3,1,GND / TX / RX,Samtec,TSW-103-07-G-S,DigiKey,612-TSW-103-07-G-S-ND,12861,Indexed supplier evidence: Indexed exact supplier product page (DigiKey; crawled 3 months before check date),https://www.digikey.com/en/products/detail/samtec-inc/TSW-103-07-G-S/1101324,2026-09-07,1,Connector_PinHeader_2.54mm:PinHeader_1x03_P2.54mm_Vertical,"1 x 3, 2.54 mm pitch, straight through-hole, gold plating option DigiKey marks this as a value-added item; exact pin length/plating are retained."
D1,1,USBLC6-2SC6,STMicroelectronics,USBLC6-2SC6,LCSC,C7519,43210,Indexed supplier evidence: Indexed exact LCSC product/image page (crawled on check date),https://www.lcsc.com/product-detail/Diodes-ESD_STMicroelectronics_USBLC6-2SC6_USBLC6-2SC6_C7519.html,2026-09-07,5,Package_TO_SOT_SMD:SOT-23-6,"ST USBLC6-2SC6, SOT-23-6, two-line USB ESD protection LCSC explicitly identifies manufacturer ST and links an ST datasheet. This C number is distinct from same-named TECH PUBLIC, KUU, UMW, and other third-party devices. Full reel is 3,000; loose ordering is in multiples of five."
"D2, D3",2,Green LED / low current,Kingbright,APT1608LZGCK,DigiKey,754-1934-1-ND,78007,Indexed supplier evidence: Indexed exact supplier product page (DigiKey; crawled 2 months before check date),https://www.digikey.com/en/products/detail/kingbright/APT1608LZGCK/5177435,2026-09-07,1,LED_SMD:LED_0603_1608Metric,"green 525 nm, 2.65 V typical at 2 mA, 50 mcd, 0603/1608 metric Exact polarity and low-current brightness are retained by using the exact MPN."
SW1,1,RESET,E-Switch,TL3305AF160QG,DigiKey,EG5350CT-ND,14745,Indexed supplier evidence: Indexed exact supplier product page (DigiKey; crawled 3 months before check date),https://www.digikey.com/en/products/detail/e-switch/TL3305AF160QG/5816181,2026-09-07,1,Button_Switch_SMD:SW_SPST_TL3305A,"SPST-NO top-actuated SMT tactile switch, 160 gf, 3.8 mm actuator height, 50 mA Keep exact family-specific mechanical footprint and actuator geometry."
"R1, R2",2,2k / 0.1%,Susumu,RG1608P-202-B-T5,DigiKey,RG16P2.0KBCT-ND,77971,Indexed supplier evidence: Indexed authorized-distributor aggregation (5 months before check date),https://www.digikey.com/en/products?keywords=RG1608P-202-B-T5,2026-09-07,1,Resistor_SMD:R_0603_1608Metric,"2.00 kohm, +/-0.1%, 0603/1608 metric, 0.1 W thin-film; B tolerance code Exact candidate MPN and DigiKey cut-tape SKU are corroborated by Susumu's DigiKey kit cross-reference. Stock quantity is indexed rather than a same-day cart observation."
"R3, R4",2,200k / 1%,YAGEO,RC0603FR-07200KL,DigiKey,311-200KHRCT-ND,486,"Indexed supplier evidence: DigiKey indexed substitute table, crawled last week",https://www.digikey.com/en/products/detail/yageo/RC0603FR-07200KL/727024,2026-09-07,1,Resistor_SMD:R_0603_1608Metric,200 kOhm; ±1%; 0603; thick film; 0.1 W.
"R5, R6",2,5.1k / 1%,Bourns,CR0603-FX-5101ELF,DigiKey,CR0603-FX-5101ELFCT-ND,50465,"Indexed supplier evidence: DigiKey product-page substitute table, crawled today",https://www.digikey.com/en/products/detail/bourns-inc/CR0603-FX-5101ELF/3789571,2026-09-07,1,Resistor_SMD:R_0603_1608Metric,5.1 kOhm; ±1%; 0603; thick film; 0.1 W. USB-C Rd value retained. Replaces selected Yageo MPN because its direct DigiKey stock was zero.
"R7, R8, R9, R10, R11, R22",6,47k / 1%,YAGEO,RC0603FR-0747KL,DigiKey,311-47.0KHRCT-ND,1398982,"Indexed supplier evidence: authorized-distributor index via Partstack, crawled four weeks ago",https://www.digikey.com/en/products/detail/yageo/RC0603FR-0747KL/727253,2026-09-07,1,Resistor_SMD:R_0603_1608Metric,47 kOhm; ±1%; 0603; thick film; 0.1 W. Partstack reports DigiKey stock; URL is exact DigiKey product page.
R12,1,22R,Vishay Dale,CRCW060322R0FKEA,DigiKey,541-22.0HCT-ND,319019,"Indexed supplier evidence: DigiKey product-page substitute table, crawled today",https://www.digikey.com/en/products/detail/vishay-dale/CRCW060322R0FKEA/1176364,2026-09-07,1,Resistor_SMD:R_0603_1608Metric,22 Ohm; ±1%; 0603; thick film; 0.1 W. Original BOM omitted tolerance; proposed 1% does not alter resistance/footprint.
R13,1,67.3k / 0.1%,KOA Speer Electronics,RN73R1JTTD6732B25,DigiKey,2019-RN73R1JTTD6732B25CT-ND,4002,Indexed supplier evidence: Indexed supplier page,https://www.digikey.com/en/products/detail/koa-speer-electronics-inc/RN73R1JTTD6732B25/10020468,2026-09-07,1,Resistor_SMD:R_0603_1608Metric,67.3k / 10k sets nominal IO falling reset threshold to 3.092 V. Applied in power revision.
"R14, R16, R20",3,10k / 0.1%,YAGEO,RT0603BRD0710KL,DigiKey,YAG4523CT-ND,146661,"Indexed supplier evidence: DigiKey search-index, crawled today",https://www.digikey.com/en/products/detail/yageo/RT0603BRD0710KL/1072394,2026-09-07,1,Resistor_SMD:R_0603_1608Metric,"10 kOhm; ±0.1%; 0603; thin film; 0.1 W; ±25 ppm/°C. DigiKey search index reports 146,661."
R15,1,55.6k / 0.1%,Vishay Dale,TNPW060355K6BEEA,DigiKey,541-TNPW060355K6BEEACT-ND,9557,Indexed supplier evidence: Indexed supplier page,https://www.digikey.com/en/products/detail/vishay-dale/TNPW060355K6BEEA/28263437,2026-09-07,1,Resistor_SMD:R_0603_1608Metric,"55.6 kohm, 0.1%, 0603, thin film DigiKey result explicitly lists TNPW060355K6BEEA as 55.6 kΩ, ±0.1%, 0603, thin film, with 9,557 in stock."
R17,1,48.7k / 0.1%,TE Connectivity,RQ73C1J48K7BTDF,DigiKey,1712-RQ73C1J48K7BTDFCT-ND,243,"Indexed primary distributor page, checked 2026-09-07",https://www.digikey.com/en/products/detail/te-connectivity-passive-product/RQ73C1J48K7BTDF/13947974,2026-09-07,1,Resistor_SMD:R_0603_1608Metric,"Selected for the power/reset revision. Rated operating range -55 to 155 degC, so 125 degC is within rating. Maximum 10 ppm/C TCR is required for DDR reset margin; do not substitute a 25 ppm part."
R18,1,10k / 0.1%,Vishay Dale,TNPW060310K0BYEN,DigiKey,541-4407-1-ND,17130,"Indexed primary distributor page, checked 2026-09-07",https://www.digikey.com/en/products/detail/vishay-dale/TNPW060310K0BYEN/8629043,2026-09-07,1,Resistor_SMD:R_0603_1608Metric,"Selected for the power/reset revision. Rated operating range -55 to 175 degC, so 125 degC is within rating. Maximum 10 ppm/C TCR is required for DDR reset margin; do not substitute a 25 ppm part."
R19,1,15.8k / 0.1%,Susumu,RG1608P-1582-B-T5,DigiKey,408-RG1608P-1582-B-T5CT-ND,5000,Indexed supplier evidence: Indexed exact DigiKey product page (crawled 3 months before check date),https://www.digikey.com/en/products/detail/susumu/RG1608P-1582-B-T5/1260468,2026-09-07,1,Resistor_SMD:R_0603_1608Metric,"15.8 kohm, +/-0.1%, 0603/1608 metric, 0.1 W, +/-25 ppm/C thin-film, AEC-Q200 Exact value, tolerance, and footprint match the BOM."
R21,1,100k / 1%,YAGEO,RC0603FR-07100KL,DigiKey,311-100KHRCT-ND,2221842,"Indexed supplier evidence: DigiKey product page, crawled two days ago",https://www.digikey.com/en/products/detail/yageo/RC0603FR-07100KL/726889,2026-09-07,1,Resistor_SMD:R_0603_1608Metric,100 kOhm; ±1%; 0603; thick film; 0.1 W. DigiKey locale in captured page quoted EUR; USD price not recorded.
R23,1,340R / 0.1%,Yageo,RT0603BRD07340RL,DigiKey,YAG4535CT-ND,3736,"Indexed primary distributor page, checked 2026-09-07",https://www.digikey.com/en/products/detail/yageo/RT0603BRD07340RL/1072473,2026-09-07,1,Resistor_SMD:R_0603_1608Metric,Selected for the power/reset revision.  Maximum 25 ppm/C TCR. Low-resistance divider reduces feedback input-leakage error.
"R24, R26, R28",3,820R / 0.05%,Susumu,RG1608N-821-W-T1,DigiKey,RG16N820WCT-ND,4421,"Indexed primary distributor page, checked 2026-09-07",https://www.digikey.com/en/products?keywords=RG1608N-821-W-T1,2026-09-07,1,Resistor_SMD:R_0603_1608Metric,Selected for the power/reset revision. Susumu RG1608 series operating range is -55 to 155 degC; 125 degC is within rating. Exact DigiKey SKU/MPN/tolerance are also corroborated by DigiKey's Susumu precision-resistor list; current stock is exposed on DigiKey's RG1608P-821-B-T5 direct-page substitute table. Require 0.05% tolerance and maximum 10 ppm/C TCR for startup margin. Low-resistance divider reduces feedback input-leakage error.
R25,1,1.8k / 0.1%,Susumu,RG1608P-182-B-T5,DigiKey,RG16P1.8KBCT-ND,66347,"Indexed primary distributor page, checked 2026-09-07",https://www.digikey.com/en/products/detail/susumu/RG1608P-182-B-T5/1240501,2026-09-07,1,Resistor_SMD:R_0603_1608Metric,Selected for the power/reset revision.  Maximum 25 ppm/C TCR. Low-resistance divider reduces feedback input-leakage error.
R27,1,2.67k / 0.1%,Susumu,RG1608P-2671-B-T5,DigiKey,RG16P2.67KBCT-ND,19122,"Indexed primary distributor page, checked 2026-09-07",https://www.digikey.com/en/products/detail/susumu/RG1608P-2671-B-T5/1240922,2026-09-07,1,Resistor_SMD:R_0603_1608Metric,Selected for the power/reset revision.  Maximum 25 ppm/C TCR. Low-resistance divider reduces feedback input-leakage error.
R29,1,49.9k / 1%,YAGEO,RC0603FR-0749K9L,DigiKey,311-49.9KHRCT-ND,229973,"Indexed supplier evidence: DigiKey product page, crawled yesterday",https://www.digikey.com/en/products/detail/yageo/RC0603FR-0749K9L/730212,2026-09-07,1,Resistor_SMD:R_0603_1608Metric,49.9 kOhm; ±1%; 0603; thick film; 0.1 W.
"R30, R31",2,1k / 1%,YAGEO,RC0603FR-071KL,DigiKey,311-1.00KHRCT-ND,4068894,"Indexed supplier evidence: DigiKey indexed product filter, crawled two days ago",https://www.digikey.com/en/products/detail/yageo/RC0603FR-071KL/727242,2026-09-07,1,Resistor_SMD:R_0603_1608Metric,1 kOhm; ±1%; 0603; thick film; 0.1 W. Original assigned MPN retained.
"C1, C2",2,30p / C0G / 1%,KEMET,C0603C300F5GACTU,DigiKey,399-C0603C300F5GACTUCT-ND,2167,Indexed supplier evidence: Indexed exact DigiKey product page (crawled 3 months before check date),https://www.digikey.com/en/products/detail/kemet/C0603C300F5GACTU/8570371,2026-09-07,1,Capacitor_SMD:C_0603_1608Metric,"30 pF, +/-1%, C0G/NP0, 50 V, 0603/1608 metric MLCC Exact capacitance, dielectric, tolerance, package, and voltage rating match or exceed the BOM."
"C3, C4, C5, C6, C7, C9, C10, C11, C12, C13, C15, C16, C17, C18, C19, C20, C22, C30, C36",19,100n / 100V,Murata,GRM188R72A104KA35D,DigiKey,490-3285-1-ND,1655308,"Indexed supplier evidence: DigiKey product-page substitute table, crawled today",https://www.digikey.com/en/products/detail/murata-electronics/GRM188R72A104KA35D/702826,2026-09-07,1,Capacitor_SMD:C_0603_1608Metric,"100 nF; ±10%; X7R; 100 V; 0603; -55 to +125 C. Higher voltage than BOM minimum; product evidence is current distributor index, not JLC availability."
"C8, C14, C21, C23",4,4.7u / 10V,Murata,GRM188R61A475KE15D,LCSC,C71633,279900,"Indexed supplier evidence: LCSC product page, crawled last month",https://www.lcsc.com/product-detail/Multilayer-Ceramic-Capacitors-MLCC-SMD-SMT_Murata-Electronics-GRM188R61A475KE15D_C71633.html,2026-09-07,20,Capacitor_SMD:C_0603_1608Metric,4.7 uF; ±10%; X5R; 10 V; 0603. Nominal 10 V is permitted by BOM but effective capacitance at 3.3 V must be reviewed.
"C24, C25, C28, C29, C43, C44",6,1u / 25V,TDK,C1608X7R1E105K080AB,DigiKey,445-5956-1-ND,259236,"Indexed supplier evidence: DigiKey exact product page, crawled today",https://www.digikey.com/en/products/detail/tdk/C1608X7R1E105K080AB/2443434,2026-09-07,1,Capacitor_SMD:C_0603_1608Metric,"1 uF; ±10%; X7R; 25 V; 0603; -55 to +125 C; TDK production part. TDK Product Center exposes a DC-bias-characteristic download for this exact MPN, but no numerical curve values were extracted; product page: https://product.tdk.com/en/search/capacitor/ceramic/mlcc/info?part_no=C1608X7R1E105K080AB . 25 V provides margin for C29/C43 at protected 5 V."
"C26, C27, C31, C37, C39, C41",6,10u / 10V,TDK,C2012X5R1A106M085AB,DigiKey,445-7659-1-ND,2998,"Indexed supplier evidence: DigiKey indexed exact product page, crawled last month",https://www.digikey.com/en/products/detail/tdk/C2012X5R1A106M085AB/2733731,2026-09-07,1,Capacitor_SMD:C_0805_2012Metric,10 uF; ±20%; X5R; 10 V; 0805. Must verify effective value at 5 V and regulator input constraints.
"C38, C40, C42",3,22u / 16V,Samsung Electro-Mechanics,CL21A226MOCLRNC,DigiKey,1276-6780-1-ND,2228196,"Indexed supplier evidence: DigiKey exact-part stock shown in current substitute table; Findchips authorized-distributor index, crawled five months ago",https://www.digikey.com/en/products/detail/samsung-electro-mechanics/CL21A226MOCLRNC/5961264,2026-09-07,1,Capacitor_SMD:C_0805_2012Metric,"22 uF; ±20%; X5R; 16 V; 0805 (2012); 2.00 x 1.25 x 0.85 mm; -55 to +85 C; mass production. Manufacturer product page confirms this exact package code, mass-production status, and provides a DC Bias Characteristics graph: https://product.samsungsem.com/mlcc/CL21A226MOCLRN.do . No numerical point at 3.3 V was extracted; do not infer effective capacitance."
